{"curContainerId":"501f5e66-1441-ec41-f2f3-6ec2c51622d4","version":"2.5.2","containers":[{"__class":"Container","__uniqueId":"501f5e66-1441-ec41-f2f3-6ec2c51622d4","graph":{"__class":"ScriptGraph","__uniqueId":"84bee9f3-f7b0-7439-942b-b022550e5a25","panelName":"Visual Scripting","graphType":"SCRIPT","editable":true,"transform":{"a":0.998,"b":0,"c":0,"d":0.998,"e":-48873.552,"f":-48766.486},"transformLocal":{"a":0.998,"b":0,"c":0,"d":0.998,"e":-49253.552,"f":-49652.486},"scaleTransformLocal":{"a":1,"b":0,"c":0,"d":1,"e":0,"f":0},"nodeList":[],"edgeList":[],"owner":{"__referenceId":"501f5e66-1441-ec41-f2f3-6ec2c51622d4"},"showMiniMap":false,"variableList":[],"localVariableList":[],"showVariablePanel":false,"showSubGraphPanel":false},"parent":null,"root":{"__referenceId":"501f5e66-1441-ec41-f2f3-6ec2c51622d4"},"title":"Main graph","subContainerManager":{"__class":"SubContainerManager","__uniqueId":"61cf7704-861d-e448-3773-76c2ce289171","owner":{"__referenceId":"501f5e66-1441-ec41-f2f3-6ec2c51622d4"},"subContainers":[]},"containerType":0}],"panelClosed":false,"panelCollapsed":false,"minimapOpen":false}