{
  "projectId": "de296507-5f63-2de9-1ec0-eeac40a1db81",
  "isFromTemplate": true,
  "templateId": "7223244950496870401",
  "opMap": {
    "AddEntity": {
      "count": 280,
      "seed": "q89p4xn3"
    },
    "PropertyChange": {
      "count": 1410,
      "seed": "nneyy04m"
    },
    "SceneDefault": {
      "count": 314,
      "seed": "blx8xoet"
    },
    "RemoveEntity": {
      "count": 155,
      "seed": "x33nmyt1"
    },
    "AddComponent": {
      "count": 147,
      "seed": "5ph2y7oh"
    },
    "RemoveComponent": {
      "count": 24,
      "seed": "sylbbass"
    },
    "AddNode": {
      "count": 6,
      "seed": "j9fuig6t"
    },
    "RemoveNode": {
      "count": 12,
      "seed": "8dadhkbw"
    },
    "PortChange": {
      "count": 3,
      "seed": "d0lq60o3"
    },
    "AddEdge": {
      "count": 70,
      "seed": "b972kpp7"
    },
    "RemoveEdge": {
      "count": 70,
      "seed": "u5o7sqda"
    },
    "GraphDefault": {
      "count": 6,
      "seed": "xfm5gfqn"
    },
    "ParamChange": {
      "count": 8,
      "seed": "5x95hfvr"
    },
    "GroupNodes": {
      "count": 1,
      "seed": "ew2m4t2t"
    }
  }
}
